{
  "_metadata": {
    "description": "Evaluation metrics for time series generation models",
    "generated_data_info": {
      "sequence_length": "Automatically determined via autocorrelation analysis (typically 30-100 time steps, rounded to nearest multiple of 5, default 125 if analysis fails)",
      "num_time_series": "Equal to the number of training sequences (90% of total sequences created from input dataset, 10% reserved for testing)",
      "data_shape": "(num_samples, sequence_length, num_features)",
      "note": "For Air dataset with domain adaptation: 90% training, 10% validation, with target domain data used for testing"
    }
  },
  "google": {
    "arima": {
      "RMSE": 0.2521819964055125,
      "MAE": 0.2142657902982297,
      "Training_Time": 0.026759862899780273,
      "ED": 2.412395111140226,
      "DTW": 144.03225330706044,
      "MDD": 1.9549342690058484,
      "ACD": 0.05975228274871562,
      "SD": 1.5897473152003432,
      "KD": 5.345228363169541,
      "DS": 0.13826860908833105,
      "PS": 0.21370276910555114,
      "C-FID": 9.684648652560092
    },
    "exp_smooth": {
      "RMSE": 0.23859555524507056,
      "MAE": 0.2057520567175521,
      "Training_Time": 0.03684091567993164,
      "ED": 2.372325631288202,
      "DTW": 106.37752160551008,
      "MDD": 1.9443569077640337,
      "ACD": 0.05987609363658667,
      "SD": 1.7654249098179844,
      "KD": 5.610309246111986,
      "DS": 0.1391098205688563,
      "PS": 0.21020331789102772,
      "C-FID": 9.691054591100176
    },
    "timevae": {
      "RMSE": 0.2989358871138515,
      "MAE": 0.20668322881653284,
      "Training_Time": 388.2748370170593,
      "ED": 2.502048914535768,
      "DTW": 101.26112624052456,
      "MDD": 0.2780655196797619,
      "ACD": 0.05820385194211316,
      "SD": 0.4404765847224937,
      "KD": 3.4034177888797545,
      "DS": 0.008891578617250645,
      "PS": 0.17284992479592803,
      "C-FID": 9.52978298302574
    },
    "timegan": {
      "RMSE": 0.2392561215115567,
      "MAE": 0.1785556027058458,
      "Training_Time": 1237.9842801094055,
      "ED": 1.9693695612347057,
      "DTW": 104.5720028325838,
      "MDD": 1.9212702690058485,
      "ACD": 0.05972969047258767,
      "SD": 61.05751271089715,
      "KD": 3990.9091426387968,
      "DS": 0.10950437265160806,
      "PS": 0.17272299966608612,
      "C-FID": 9.738044110212655
    },
    "timetransformer": {
      "RMSE": 0.3060344817399695,
      "MAE": 0.21617391933741723,
      "Training_Time": 1452.2347378730774,
      "ED": 2.523159367721831,
      "DTW": 108.49667137814552,
      "MDD": 0.42890683562299065,
      "ACD": 0.049419098060978175,
      "SD": 0.7464834418217748,
      "KD": 4.087489215464329,
      "DS": 0.01817838245946915,
      "PS": 0.17625372813923823,
      "C-FID": 9.549853790237051
    }
  },
  "air": {
    "arima": {
      "RMSE": 0.2800865598508398,
      "MAE": 0.18902726626057836,
      "Training_Time": 0.028837919235229492,
      "ED": 1.2440456130383617,
      "DTW": 75.15088471941486,
      "MDD": 1.8864782377919322,
      "ACD": 1.0445343157973885,
      "SD": 4.685509820891675,
      "KD": 12.630430357664805,
      "DS": 0.16908417828895786,
      "PS": 0.206787784573036,
      "C-FID": 22.842591375142018
    },
    "exp_smooth": {
      "RMSE": 0.2800886722281939,
      "MAE": 0.18902777360374406,
      "Training_Time": 0.021786212921142578,
      "ED": 1.2422317869131303,
      "DTW": 73.85379719384603,
      "MDD": 1.8862712314225052,
      "ACD": 0.3485125709844103,
      "SD": 1.4296416152696232,
      "KD": 4.994944220347502,
      "DS": 0.16866925853234335,
      "PS": 0.2065097121107763,
      "C-FID": 22.845008988480007
    },
    "timevae": {
      "RMSE": 0.26393503727437106,
      "MAE": 0.18505697324814577,
      "Training_Time": 395.6896712779999,
      "ED": 1.0487962212013793,
      "DTW": 58.19262993058597,
      "MDD": 0.47571051707532847,
      "ACD": 0.16917746928634478,
      "SD": 0.2993032307294831,
      "KD": 2.069344714267561,
      "DS": 0.022354540818423505,
      "PS": 0.13825454528050654,
      "C-FID": 23.329753807734978
    },
    "timegan": {
      "RMSE": 0.21892331462731657,
      "MAE": 0.16093236503590475,
      "Training_Time": 697.995902299881,
      "ED": 0.8550574838201805,
      "DTW": 53.583591671971945,
      "MDD": 1.8810491861288032,
      "ACD": 0.42514463558890864,
      "SD": 73.87691877791029,
      "KD": 5896.70035122062,
      "DS": 0.08764708714501303,
      "PS": 0.13878541602821212,
      "C-FID": 23.56417780545576
    },
    "timetransformer": {
      "RMSE": 0.2203288379885052,
      "MAE": 0.16136586940346548,
      "Training_Time": 506.7306230068207,
      "ED": 0.8596401249477277,
      "DTW": 49.05172800400974,
      "MDD": 1.6572328379334749,
      "ACD": 0.5191515238709773,
      "SD": 1.2730519767587858,
      "KD": 4.879111080151223,
      "DS": 0.08558729196621334,
      "PS": 0.13872682935890435,
      "C-FID": 23.56021216066415
    }
  },
  "eeg": {
    "timevae": {
      "RMSE": 0.9139908544661592,
      "MAE": 0.7140938549407783,
      "Training_Time": 457.30508494377136,
      "ED": 4.78704919817732,
      "DTW": 317.16945182847024,
      "MDD": 0.18525190909284198,
      "ACD": 0.18325885052171684,
      "SD": 73.47275075509819,
      "KD": 8827.269050652507,
      "DS": 0.4958560085422473,
      "PS": 0.09923471592197738,
      "C-FID": 16.38116081312587
    },
    "timegan": {
      "RMSE": 0.04396730189058081,
      "MAE": 0.0334515818139389,
      "Training_Time": 70.88911294937134,
      "ED": 0.1857513642107202,
      "DTW": 17.627062089721623,
      "MDD": 1.289317124099733,
      "ACD": 0.863786432632726,
      "SD": 45.2731753109868,
      "KD": 5532.005805755035,
      "DS": 0.01998622209918702,
      "PS": 0.033448292487727106,
      "C-FID": 27.9729573737541
    },
    "timetransformer": {
      "RMSE": 0.007686681960107194,
      "MAE": 0.002575460751935962,
      "Training_Time": 1917.5219151973724,
      "ED": 0.018369918052419918,
      "DTW": 1.2883673325981286,
      "MDD": 0.17859808945838615,
      "ACD": 0.20954282849199984,
      "SD": 72.28962051660156,
      "KD": 8600.572437954217,
      "DS": 0.0038867709059919437,
      "PS": 0.0020119285773449445,
      "C-FID": 27.99888423578501
    },
    "arima": {
      "RMSE": 0.2767196481306347,
      "MAE": 0.17712871660011292,
      "Training_Time": 0.021928787231445312,
      "ED": 0.9708054844383401,
      "DTW": 74.26492397955369,
      "MDD": 1.0404919396223746,
      "ACD": 0.31561650806148306,
      "SD": 78.799427368309,
      "KD": 9012.223556511282,
      "DS": 0.0927092231866671,
      "PS": 0.17700560876981827,
      "C-FID": 26.929129525818876
    },
    "exp_smooth": {
      "RMSE": 0.27657032236387236,
      "MAE": 0.17701353718545235,
      "Training_Time": 0.006829977035522461,
      "ED": 0.9710014058650038,
      "DTW": 74.26076518923075,
      "MDD": 1.0429367201426027,
      "ACD": 0.8154489990116746,
      "SD": 70.13646955533741,
      "KD": 8326.161606868092,
      "DS": 0.09277942675584752,
      "PS": 0.17703224463184467,
      "C-FID": 26.928896517458195
    }
  },
  "appliances": {
    "timevae": {
      "RMSE": 0.23789900698545186,
      "MAE": 0.18582057432134472,
      "Training_Time": 6683.351746797562,
      "ED": 2.2817824860208233,
      "DTW": 730.2723676122721,
      "MDD": 0.3634267162933366,
      "ACD": 0.034811122687225554,
      "SD": 0.09158100016170197,
      "KD": 0.37983799609376523,
      "DS": 0.027299655100670967,
      "PS": 0.14955380859360232,
      "C-FID": 50.567463234213704
    },
    "timegan": {
      "RMSE": 0.3280516270408679,
      "MAE": 0.2650461673003542,
      "Training_Time": 1398.8781533241272,
      "ED": 3.1646624462897193,
      "DTW": 918.7426484100848,
      "MDD": 1.9165109376430134,
      "ACD": 0.14684440635688506,
      "SD": 10.599332790784798,
      "KD": 480.95022539343285,
      "DS": 0.21143331234914833,
      "PS": 0.2669084506960315,